SUBCATEGORIA;PREGUNTA;RESPUESTA
Atención y horarios;¿En cuánto tiempo responden a mi solicitud?;Atendemos en menos de 24 horas hábiles para casos estándar.
Atención y horarios;¿Me puedes explicar En cuánto tiempo responden a mi solicitud?;Atendemos en menos de 24 horas hábiles para casos estándar.
Atención y horarios;¿Podrías mostrarme En cuánto tiempo responden a mi solicitud?;Atendemos en menos de 24 horas hábiles para casos estándar.
Atención y horarios;¿Me puedes contar sobre En cuánto tiempo responden a mi solicitud?;Atendemos en menos de 24 horas hábiles para casos estándar.
Atención y horarios;¿Tienen información acerca de En cuánto tiempo responden a mi solicitud?;Atendemos en menos de 24 horas hábiles para casos estándar.
Atención y horarios;¿Dónde encuentro detalles sobre En cuánto tiempo responden a mi solicitud?;Atendemos en menos de 24 horas hábiles para casos estándar.
Atención y horarios;¿Cómo puedo saber más sobre En cuánto tiempo responden a mi solicitud?;Atendemos en menos de 24 horas hábiles para casos estándar.
Atención y horarios;¿Hay un tutorial o explicación sobre En cuánto tiempo responden a mi solicitud?;Atendemos en menos de 24 horas hábiles para casos estándar.
Atención y horarios;¿Puedes darme ejemplos de En cuánto tiempo responden a mi solicitud?;Atendemos en menos de 24 horas hábiles para casos estándar.
Atención y horarios;¿Dónde puedo consultar más acerca de En cuánto tiempo responden a mi solicitud?;Atendemos en menos de 24 horas hábiles para casos estándar.
Atención y horarios;¿Me podrías enseñar más sobre En cuánto tiempo responden a mi solicitud?;Atendemos en menos de 24 horas hábiles para casos estándar.
Referencias;¿Puedo visitar una planta donde hayan implementado su tecnología?;Coordinamos visitas con clientes que autorizan demostraciones.
Referencias;¿Me puedes explicar Puedo visitar una planta donde hayan implementado su tecnología?;Coordinamos visitas con clientes que autorizan demostraciones.
Referencias;¿Podrías mostrarme Puedo visitar una planta donde hayan implementado su tecnología?;Coordinamos visitas con clientes que autorizan demostraciones.
Referencias;¿Me puedes contar sobre Puedo visitar una planta donde hayan implementado su tecnología?;Coordinamos visitas con clientes que autorizan demostraciones.
Referencias;¿Tienen información acerca de Puedo visitar una planta donde hayan implementado su tecnología?;Coordinamos visitas con clientes que autorizan demostraciones.
Referencias;¿Dónde encuentro detalles sobre Puedo visitar una planta donde hayan implementado su tecnología?;Coordinamos visitas con clientes que autorizan demostraciones.
Referencias;¿Cómo puedo saber más sobre Puedo visitar una planta donde hayan implementado su tecnología?;Coordinamos visitas con clientes que autorizan demostraciones.
Referencias;¿Hay un tutorial o explicación sobre Puedo visitar una planta donde hayan implementado su tecnología?;Coordinamos visitas con clientes que autorizan demostraciones.
Referencias;¿Puedes darme ejemplos de Puedo visitar una planta donde hayan implementado su tecnología?;Coordinamos visitas con clientes que autorizan demostraciones.
Referencias;¿Dónde puedo consultar más acerca de Puedo visitar una planta donde hayan implementado su tecnología?;Coordinamos visitas con clientes que autorizan demostraciones.
Referencias;¿Me podrías enseñar más sobre Puedo visitar una planta donde hayan implementado su tecnología?;Coordinamos visitas con clientes que autorizan demostraciones.
Plataforma IngeleanPlus;¿Cómo visualizo el histórico de fallas de una máquina específica?;Ingresa al panel de “Historial” en el módulo de mantenimiento y filtra por equipo y rango de fechas.
Plataforma IngeleanPlus;¿Me puedes explicar Cómo visualizo el histórico de fallas de una máquina específica?;Ingresa al panel de “Historial” en el módulo de mantenimiento y filtra por equipo y rango de fechas.
Plataforma IngeleanPlus;¿Podrías mostrarme Cómo visualizo el histórico de fallas de una máquina específica?;Ingresa al panel de “Historial” en el módulo de mantenimiento y filtra por equipo y rango de fechas.
Plataforma IngeleanPlus;¿Me puedes contar sobre Cómo visualizo el histórico de fallas de una máquina específica?;Ingresa al panel de “Historial” en el módulo de mantenimiento y filtra por equipo y rango de fechas.
Plataforma IngeleanPlus;¿Tienen información acerca de Cómo visualizo el histórico de fallas de una máquina específica?;Ingresa al panel de “Historial” en el módulo de mantenimiento y filtra por equipo y rango de fechas.
Plataforma IngeleanPlus;¿Dónde encuentro detalles sobre Cómo visualizo el histórico de fallas de una máquina específica?;Ingresa al panel de “Historial” en el módulo de mantenimiento y filtra por equipo y rango de fechas.
Plataforma IngeleanPlus;¿Cómo puedo saber más sobre Cómo visualizo el histórico de fallas de una máquina específica?;Ingresa al panel de “Historial” en el módulo de mantenimiento y filtra por equipo y rango de fechas.
Plataforma IngeleanPlus;¿Hay un tutorial o explicación sobre Cómo visualizo el histórico de fallas de una máquina específica?;Ingresa al panel de “Historial” en el módulo de mantenimiento y filtra por equipo y rango de fechas.
Plataforma IngeleanPlus;¿Puedes darme ejemplos de Cómo visualizo el histórico de fallas de una máquina específica?;Ingresa al panel de “Historial” en el módulo de mantenimiento y filtra por equipo y rango de fechas.
Plataforma IngeleanPlus;¿Dónde puedo consultar más acerca de Cómo visualizo el histórico de fallas de una máquina específica?;Ingresa al panel de “Historial” en el módulo de mantenimiento y filtra por equipo y rango de fechas.
Plataforma IngeleanPlus;¿Me podrías enseñar más sobre Cómo visualizo el histórico de fallas de una máquina específica?;Ingresa al panel de “Historial” en el módulo de mantenimiento y filtra por equipo y rango de fechas.
Plataforma IngeleanPlus;¿Cómo restauro mis datos tras una actualización del sistema?;Ingelean realiza respaldos automáticos y puede restaurar tu instancia si tienes un contrato de soporte activo.
Plataforma IngeleanPlus;¿Me puedes explicar Cómo restauro mis datos tras una actualización del sistema?;Ingelean realiza respaldos automáticos y puede restaurar tu instancia si tienes un contrato de soporte activo.
Plataforma IngeleanPlus;¿Podrías mostrarme Cómo restauro mis datos tras una actualización del sistema?;Ingelean realiza respaldos automáticos y puede restaurar tu instancia si tienes un contrato de soporte activo.
Plataforma IngeleanPlus;¿Me puedes contar sobre Cómo restauro mis datos tras una actualización del sistema?;Ingelean realiza respaldos automáticos y puede restaurar tu instancia si tienes un contrato de soporte activo.
Plataforma IngeleanPlus;¿Tienen información acerca de Cómo restauro mis datos tras una actualización del sistema?;Ingelean realiza respaldos automáticos y puede restaurar tu instancia si tienes un contrato de soporte activo.
Plataforma IngeleanPlus;¿Dónde encuentro detalles sobre Cómo restauro mis datos tras una actualización del sistema?;Ingelean realiza respaldos automáticos y puede restaurar tu instancia si tienes un contrato de soporte activo.
Plataforma IngeleanPlus;¿Cómo puedo saber más sobre Cómo restauro mis datos tras una actualización del sistema?;Ingelean realiza respaldos automáticos y puede restaurar tu instancia si tienes un contrato de soporte activo.
Plataforma IngeleanPlus;¿Hay un tutorial o explicación sobre Cómo restauro mis datos tras una actualización del sistema?;Ingelean realiza respaldos automáticos y puede restaurar tu instancia si tienes un contrato de soporte activo.
Plataforma IngeleanPlus;¿Puedes darme ejemplos de Cómo restauro mis datos tras una actualización del sistema?;Ingelean realiza respaldos automáticos y puede restaurar tu instancia si tienes un contrato de soporte activo.
Plataforma IngeleanPlus;¿Dónde puedo consultar más acerca de Cómo restauro mis datos tras una actualización del sistema?;Ingelean realiza respaldos automáticos y puede restaurar tu instancia si tienes un contrato de soporte activo.
Plataforma IngeleanPlus;¿Me podrías enseñar más sobre Cómo restauro mis datos tras una actualización del sistema?;Ingelean realiza respaldos automáticos y puede restaurar tu instancia si tienes un contrato de soporte activo.
Plataforma IngeleanPlus;¿Cómo programo notificaciones solo para ciertos usuarios?;Dentro del módulo de configuración de alertas eliges qué usuarios serán destinatarios de cada notificación.
Plataforma IngeleanPlus;¿Me puedes explicar Cómo programo notificaciones solo para ciertos usuarios?;Dentro del módulo de configuración de alertas eliges qué usuarios serán destinatarios de cada notificación.
Plataforma IngeleanPlus;¿Podrías mostrarme Cómo programo notificaciones solo para ciertos usuarios?;Dentro del módulo de configuración de alertas eliges qué usuarios serán destinatarios de cada notificación.
Plataforma IngeleanPlus;¿Me puedes contar sobre Cómo programo notificaciones solo para ciertos usuarios?;Dentro del módulo de configuración de alertas eliges qué usuarios serán destinatarios de cada notificación.
Plataforma IngeleanPlus;¿Tienen información acerca de Cómo programo notificaciones solo para ciertos usuarios?;Dentro del módulo de configuración de alertas eliges qué usuarios serán destinatarios de cada notificación.
Plataforma IngeleanPlus;¿Dónde encuentro detalles sobre Cómo programo notificaciones solo para ciertos usuarios?;Dentro del módulo de configuración de alertas eliges qué usuarios serán destinatarios de cada notificación.
Plataforma IngeleanPlus;¿Cómo puedo saber más sobre Cómo programo notificaciones solo para ciertos usuarios?;Dentro del módulo de configuración de alertas eliges qué usuarios serán destinatarios de cada notificación.
Plataforma IngeleanPlus;¿Hay un tutorial o explicación sobre Cómo programo notificaciones solo para ciertos usuarios?;Dentro del módulo de configuración de alertas eliges qué usuarios serán destinatarios de cada notificación.
Plataforma IngeleanPlus;¿Puedes darme ejemplos de Cómo programo notificaciones solo para ciertos usuarios?;Dentro del módulo de configuración de alertas eliges qué usuarios serán destinatarios de cada notificación.
Plataforma IngeleanPlus;¿Dónde puedo consultar más acerca de Cómo programo notificaciones solo para ciertos usuarios?;Dentro del módulo de configuración de alertas eliges qué usuarios serán destinatarios de cada notificación.
Plataforma IngeleanPlus;¿Me podrías enseñar más sobre Cómo programo notificaciones solo para ciertos usuarios?;Dentro del módulo de configuración de alertas eliges qué usuarios serán destinatarios de cada notificación.
Plataforma IngeleanPlus;¿Cómo se respaldan mis datos?;La plataforma usa backups automáticos en la nube y puede reestablecer datos con acuerdo de soporte.
Plataforma IngeleanPlus;¿Me puedes explicar Cómo se respaldan mis datos?;La plataforma usa backups automáticos en la nube y puede reestablecer datos con acuerdo de soporte.
Plataforma IngeleanPlus;¿Podrías mostrarme Cómo se respaldan mis datos?;La plataforma usa backups automáticos en la nube y puede reestablecer datos con acuerdo de soporte.
Plataforma IngeleanPlus;¿Me puedes contar sobre Cómo se respaldan mis datos?;La plataforma usa backups automáticos en la nube y puede reestablecer datos con acuerdo de soporte.
Plataforma IngeleanPlus;¿Tienen información acerca de Cómo se respaldan mis datos?;La plataforma usa backups automáticos en la nube y puede reestablecer datos con acuerdo de soporte.
Plataforma IngeleanPlus;¿Dónde encuentro detalles sobre Cómo se respaldan mis datos?;La plataforma usa backups automáticos en la nube y puede reestablecer datos con acuerdo de soporte.
Plataforma IngeleanPlus;¿Cómo puedo saber más sobre Cómo se respaldan mis datos?;La plataforma usa backups automáticos en la nube y puede reestablecer datos con acuerdo de soporte.
Plataforma IngeleanPlus;¿Hay un tutorial o explicación sobre Cómo se respaldan mis datos?;La plataforma usa backups automáticos en la nube y puede reestablecer datos con acuerdo de soporte.
Plataforma IngeleanPlus;¿Puedes darme ejemplos de Cómo se respaldan mis datos?;La plataforma usa backups automáticos en la nube y puede reestablecer datos con acuerdo de soporte.
Plataforma IngeleanPlus;¿Dónde puedo consultar más acerca de Cómo se respaldan mis datos?;La plataforma usa backups automáticos en la nube y puede reestablecer datos con acuerdo de soporte.
Plataforma IngeleanPlus;¿Me podrías enseñar más sobre Cómo se respaldan mis datos?;La plataforma usa backups automáticos en la nube y puede reestablecer datos con acuerdo de soporte.
Plataforma IngeleanPlus;¿Cómo doy de baja un equipo que ya no utilizo?;"Dirígete a activos y selecciona “Desactivar”; el historial se mantiene archivado."
Plataforma IngeleanPlus;¿Me puedes explicar Cómo doy de baja un equipo que ya no utilizo?;"Dirígete a activos y selecciona “Desactivar”; el historial se mantiene archivado."
Plataforma IngeleanPlus;¿Podrías mostrarme Cómo doy de baja un equipo que ya no utilizo?;"Dirígete a activos y selecciona “Desactivar”; el historial se mantiene archivado."
Plataforma IngeleanPlus;¿Me puedes contar sobre Cómo doy de baja un equipo que ya no utilizo?;"Dirígete a activos y selecciona “Desactivar”; el historial se mantiene archivado."
Plataforma IngeleanPlus;¿Tienen información acerca de Cómo doy de baja un equipo que ya no utilizo?;"Dirígete a activos y selecciona “Desactivar”; el historial se mantiene archivado."
Plataforma IngeleanPlus;¿Dónde encuentro detalles sobre Cómo doy de baja un equipo que ya no utilizo?;"Dirígete a activos y selecciona “Desactivar”; el historial se mantiene archivado."
Plataforma IngeleanPlus;¿Cómo puedo saber más sobre Cómo doy de baja un equipo que ya no utilizo?;"Dirígete a activos y selecciona “Desactivar”; el historial se mantiene archivado."
Plataforma IngeleanPlus;¿Hay un tutorial o explicación sobre Cómo doy de baja un equipo que ya no utilizo?;"Dirígete a activos y selecciona “Desactivar”; el historial se mantiene archivado."
Plataforma IngeleanPlus;¿Puedes darme ejemplos de Cómo doy de baja un equipo que ya no utilizo?;"Dirígete a activos y selecciona “Desactivar”; el historial se mantiene archivado."
Plataforma IngeleanPlus;¿Dónde puedo consultar más acerca de Cómo doy de baja un equipo que ya no utilizo?;"Dirígete a activos y selecciona “Desactivar”; el historial se mantiene archivado."
Plataforma IngeleanPlus;¿Me podrías enseñar más sobre Cómo doy de baja un equipo que ya no utilizo?;"Dirígete a activos y selecciona “Desactivar”; el historial se mantiene archivado."
Plataforma IngeleanPlus;¿Qué nivel de seguridad tienen mis datos en la nube?;"Los datos se cifran en tránsito y reposo; la infraestructura cumple políticas modernas de protección."
Plataforma IngeleanPlus;¿Me puedes explicar Qué nivel de seguridad tienen mis datos en la nube?;"Los datos se cifran en tránsito y reposo; la infraestructura cumple políticas modernas de protección."
Plataforma IngeleanPlus;¿Podrías mostrarme Qué nivel de seguridad tienen mis datos en la nube?;"Los datos se cifran en tránsito y reposo; la infraestructura cumple políticas modernas de protección."
Plataforma IngeleanPlus;¿Me puedes contar sobre Qué nivel de seguridad tienen mis datos en la nube?;"Los datos se cifran en tránsito y reposo; la infraestructura cumple políticas modernas de protección."
Plataforma IngeleanPlus;¿Tienen información acerca de Qué nivel de seguridad tienen mis datos en la nube?;"Los datos se cifran en tránsito y reposo; la infraestructura cumple políticas modernas de protección."
Plataforma IngeleanPlus;¿Dónde encuentro detalles sobre Qué nivel de seguridad tienen mis datos en la nube?;"Los datos se cifran en tránsito y reposo; la infraestructura cumple políticas modernas de protección."
Plataforma IngeleanPlus;¿Cómo puedo saber más sobre Qué nivel de seguridad tienen mis datos en la nube?;"Los datos se cifran en tránsito y reposo; la infraestructura cumple políticas modernas de protección."
Plataforma IngeleanPlus;¿Hay un tutorial o explicación sobre Qué nivel de seguridad tienen mis datos en la nube?;"Los datos se cifran en tránsito y reposo; la infraestructura cumple políticas modernas de protección."
Plataforma IngeleanPlus;¿Puedes darme ejemplos de Qué nivel de seguridad tienen mis datos en la nube?;"Los datos se cifran en tránsito y reposo; la infraestructura cumple políticas modernas de protección."
Plataforma IngeleanPlus;¿Dónde puedo consultar más acerca de Qué nivel de seguridad tienen mis datos en la nube?;"Los datos se cifran en tránsito y reposo; la infraestructura cumple políticas modernas de protección."
Plataforma IngeleanPlus;¿Me podrías enseñar más sobre Qué nivel de seguridad tienen mis datos en la nube?;"Los datos se cifran en tránsito y reposo; la infraestructura cumple políticas modernas de protección."
Plataforma IngeleanPlus;¿Qué hago si olvidé mi contraseña?;"Usa la opción “Olvidé contraseña” en la pantalla de login; recibirás un correo con instrucciones."
Plataforma IngeleanPlus;¿Me puedes explicar Qué hago si olvidé mi contraseña?;"Usa la opción “Olvidé contraseña” en la pantalla de login; recibirás un correo con instrucciones."
Plataforma IngeleanPlus;¿Podrías mostrarme Qué hago si olvidé mi contraseña?;"Usa la opción “Olvidé contraseña” en la pantalla de login; recibirás un correo con instrucciones."
Plataforma IngeleanPlus;¿Me puedes contar sobre Qué hago si olvidé mi contraseña?;"Usa la opción “Olvidé contraseña” en la pantalla de login; recibirás un correo con instrucciones."
Plataforma IngeleanPlus;¿Tienen información acerca de Qué hago si olvidé mi contraseña?;"Usa la opción “Olvidé contraseña” en la pantalla de login; recibirás un correo con instrucciones."
Plataforma IngeleanPlus;¿Dónde encuentro detalles sobre Qué hago si olvidé mi contraseña?;"Usa la opción “Olvidé contraseña” en la pantalla de login; recibirás un correo con instrucciones."
Plataforma IngeleanPlus;¿Cómo puedo saber más sobre Qué hago si olvidé mi contraseña?;"Usa la opción “Olvidé contraseña” en la pantalla de login; recibirás un correo con instrucciones."
Plataforma IngeleanPlus;¿Hay un tutorial o explicación sobre Qué hago si olvidé mi contraseña?;"Usa la opción “Olvidé contraseña” en la pantalla de login; recibirás un correo con instrucciones."
Plataforma IngeleanPlus;¿Puedes darme ejemplos de Qué hago si olvidé mi contraseña?;"Usa la opción “Olvidé contraseña” en la pantalla de login; recibirás un correo con instrucciones."
Plataforma IngeleanPlus;¿Dónde puedo consultar más acerca de Qué hago si olvidé mi contraseña?;"Usa la opción “Olvidé contraseña” en la pantalla de login; recibirás un correo con instrucciones."
Plataforma IngeleanPlus;¿Me podrías enseñar más sobre Qué hago si olvidé mi contraseña?;"Usa la opción “Olvidé contraseña” en la pantalla de login; recibirás un correo con instrucciones."
Plataforma IngeleanPlus;¿Puedo agregar sensores nuevos por mi cuenta?;Solo si has adquirido sensores adicionales: se hace registro desde la plataforma o con ayuda de soporte.
Plataforma IngeleanPlus;¿Me puedes explicar Puedo agregar sensores nuevos por mi cuenta?;Solo si has adquirido sensores adicionales: se hace registro desde la plataforma o con ayuda de soporte.
Plataforma IngeleanPlus;¿Podrías mostrarme Puedo agregar sensores nuevos por mi cuenta?;Solo si has adquirido sensores adicionales: se hace registro desde la plataforma o con ayuda de soporte.
Plataforma IngeleanPlus;¿Me puedes contar sobre Puedo agregar sensores nuevos por mi cuenta?;Solo si has adquirido sensores adicionales: se hace registro desde la plataforma o con ayuda de soporte.
Plataforma IngeleanPlus;¿Tienen información acerca de Puedo agregar sensores nuevos por mi cuenta?;Solo si has adquirido sensores adicionales: se hace registro desde la plataforma o con ayuda de soporte.
Plataforma IngeleanPlus;¿Dónde encuentro detalles sobre Puedo agregar sensores nuevos por mi cuenta?;Solo si has adquirido sensores adicionales: se hace registro desde la plataforma o con ayuda de soporte.
Plataforma IngeleanPlus;¿Cómo puedo saber más sobre Puedo agregar sensores nuevos por mi cuenta?;Solo si has adquirido sensores adicionales: se hace registro desde la plataforma o con ayuda de soporte.
Plataforma IngeleanPlus;¿Hay un tutorial o explicación sobre Puedo agregar sensores nuevos por mi cuenta?;Solo si has adquirido sensores adicionales: se hace registro desde la plataforma o con ayuda de soporte.
Plataforma IngeleanPlus;¿Puedes darme ejemplos de Puedo agregar sensores nuevos por mi cuenta?;Solo si has adquirido sensores adicionales: se hace registro desde la plataforma o con ayuda de soporte.
Plataforma IngeleanPlus;¿Dónde puedo consultar más acerca de Puedo agregar sensores nuevos por mi cuenta?;Solo si has adquirido sensores adicionales: se hace registro desde la plataforma o con ayuda de soporte.
Plataforma IngeleanPlus;¿Me podrías enseñar más sobre Puedo agregar sensores nuevos por mi cuenta?;Solo si has adquirido sensores adicionales: se hace registro desde la plataforma o con ayuda de soporte.
Plataforma IngeleanPlus;¿Puedo configurar BeaverTime desde la misma plataforma?;Aunque BeaverTime es un producto separado (control de acceso y asistencia automatizada) se puede integrar vía módulos e API dentro de IngeleanPlus
Plataforma IngeleanPlus;¿Me puedes explicar Puedo configurar BeaverTime desde la misma plataforma?;Aunque BeaverTime es un producto separado (control de acceso y asistencia automatizada) se puede integrar vía módulos e API dentro de IngeleanPlus
Plataforma IngeleanPlus;¿Podrías mostrarme Puedo configurar BeaverTime desde la misma plataforma?;Aunque BeaverTime es un producto separado (control de acceso y asistencia automatizada) se puede integrar vía módulos e API dentro de IngeleanPlus
Plataforma IngeleanPlus;¿Me puedes contar sobre Puedo configurar BeaverTime desde la misma plataforma?;Aunque BeaverTime es un producto separado (control de acceso y asistencia automatizada) se puede integrar vía módulos e API dentro de IngeleanPlus
Plataforma IngeleanPlus;¿Tienen información acerca de Puedo configurar BeaverTime desde la misma plataforma?;Aunque BeaverTime es un producto separado (control de acceso y asistencia automatizada) se puede integrar vía módulos e API dentro de IngeleanPlus
Plataforma IngeleanPlus;¿Dónde encuentro detalles sobre Puedo configurar BeaverTime desde la misma plataforma?;Aunque BeaverTime es un producto separado (control de acceso y asistencia automatizada) se puede integrar vía módulos e API dentro de IngeleanPlus
Plataforma IngeleanPlus;¿Cómo puedo saber más sobre Puedo configurar BeaverTime desde la misma plataforma?;Aunque BeaverTime es un producto separado (control de acceso y asistencia automatizada) se puede integrar vía módulos e API dentro de IngeleanPlus
Plataforma IngeleanPlus;¿Hay un tutorial o explicación sobre Puedo configurar BeaverTime desde la misma plataforma?;Aunque BeaverTime es un producto separado (control de acceso y asistencia automatizada) se puede integrar vía módulos e API dentro de IngeleanPlus
Plataforma IngeleanPlus;¿Puedes darme ejemplos de Puedo configurar BeaverTime desde la misma plataforma?;Aunque BeaverTime es un producto separado (control de acceso y asistencia automatizada) se puede integrar vía módulos e API dentro de IngeleanPlus
Plataforma IngeleanPlus;¿Dónde puedo consultar más acerca de Puedo configurar BeaverTime desde la misma plataforma?;Aunque BeaverTime es un producto separado (control de acceso y asistencia automatizada) se puede integrar vía módulos e API dentro de IngeleanPlus
Plataforma IngeleanPlus;¿Me podrías enseñar más sobre Puedo configurar BeaverTime desde la misma plataforma?;Aunque BeaverTime es un producto separado (control de acceso y asistencia automatizada) se puede integrar vía módulos e API dentro de IngeleanPlus
Tarjetas NFC;¿Qué hago si un usuario pierde su tarjeta NFC?;Debes reportarlo en el sistema y bloquear la tarjeta inmediatamente para evitar accesos no autorizados. Solicita una nueva para el usuario.
Tarjetas NFC;¿Me puedes explicar Qué hago si un usuario pierde su tarjeta NFC?;Debes reportarlo en el sistema y bloquear la tarjeta inmediatamente para evitar accesos no autorizados. Solicita una nueva para el usuario.
Tarjetas NFC;¿Podrías mostrarme Qué hago si un usuario pierde su tarjeta NFC?;Debes reportarlo en el sistema y bloquear la tarjeta inmediatamente para evitar accesos no autorizados. Solicita una nueva para el usuario.
Tarjetas NFC;¿Me puedes contar sobre Qué hago si un usuario pierde su tarjeta NFC?;Debes reportarlo en el sistema y bloquear la tarjeta inmediatamente para evitar accesos no autorizados. Solicita una nueva para el usuario.
Tarjetas NFC;¿Tienen información acerca de Qué hago si un usuario pierde su tarjeta NFC?;Debes reportarlo en el sistema y bloquear la tarjeta inmediatamente para evitar accesos no autorizados. Solicita una nueva para el usuario.
Tarjetas NFC;¿Dónde encuentro detalles sobre Qué hago si un usuario pierde su tarjeta NFC?;Debes reportarlo en el sistema y bloquear la tarjeta inmediatamente para evitar accesos no autorizados. Solicita una nueva para el usuario.
Tarjetas NFC;¿Cómo puedo saber más sobre Qué hago si un usuario pierde su tarjeta NFC?;Debes reportarlo en el sistema y bloquear la tarjeta inmediatamente para evitar accesos no autorizados. Solicita una nueva para el usuario.
Tarjetas NFC;¿Hay un tutorial o explicación sobre Qué hago si un usuario pierde su tarjeta NFC?;Debes reportarlo en el sistema y bloquear la tarjeta inmediatamente para evitar accesos no autorizados. Solicita una nueva para el usuario.
Tarjetas NFC;¿Puedes darme ejemplos de Qué hago si un usuario pierde su tarjeta NFC?;Debes reportarlo en el sistema y bloquear la tarjeta inmediatamente para evitar accesos no autorizados. Solicita una nueva para el usuario.
Tarjetas NFC;¿Dónde puedo consultar más acerca de Qué hago si un usuario pierde su tarjeta NFC?;Debes reportarlo en el sistema y bloquear la tarjeta inmediatamente para evitar accesos no autorizados. Solicita una nueva para el usuario.
Tarjetas NFC;¿Me podrías enseñar más sobre Qué hago si un usuario pierde su tarjeta NFC?;Debes reportarlo en el sistema y bloquear la tarjeta inmediatamente para evitar accesos no autorizados. Solicita una nueva para el usuario.
Tarjetas NFC;¿Las tarjetas NFC son compatibles con otros sistemas de control de acceso?;Son compatibles con sistemas que utilicen el mismo estándar de tecnología NFC. Confirma la compatibilidad con el fabricante antes de integrar.
Tarjetas NFC;¿Me puedes explicar Las tarjetas NFC son compatibles con otros sistemas de control de acceso?;Son compatibles con sistemas que utilicen el mismo estándar de tecnología NFC. Confirma la compatibilidad con el fabricante antes de integrar.
Tarjetas NFC;¿Podrías mostrarme Las tarjetas NFC son compatibles con otros sistemas de control de acceso?;Son compatibles con sistemas que utilicen el mismo estándar de tecnología NFC. Confirma la compatibilidad con el fabricante antes de integrar.
Tarjetas NFC;¿Me puedes contar sobre Las tarjetas NFC son compatibles con otros sistemas de control de acceso?;Son compatibles con sistemas que utilicen el mismo estándar de tecnología NFC. Confirma la compatibilidad con el fabricante antes de integrar.
Tarjetas NFC;¿Tienen información acerca de Las tarjetas NFC son compatibles con otros sistemas de control de acceso?;Son compatibles con sistemas que utilicen el mismo estándar de tecnología NFC. Confirma la compatibilidad con el fabricante antes de integrar.
Tarjetas NFC;¿Dónde encuentro detalles sobre Las tarjetas NFC son compatibles con otros sistemas de control de acceso?;Son compatibles con sistemas que utilicen el mismo estándar de tecnología NFC. Confirma la compatibilidad con el fabricante antes de integrar.
Tarjetas NFC;¿Cómo puedo saber más sobre Las tarjetas NFC son compatibles con otros sistemas de control de acceso?;Son compatibles con sistemas que utilicen el mismo estándar de tecnología NFC. Confirma la compatibilidad con el fabricante antes de integrar.
Tarjetas NFC;¿Hay un tutorial o explicación sobre Las tarjetas NFC son compatibles con otros sistemas de control de acceso?;Son compatibles con sistemas que utilicen el mismo estándar de tecnología NFC. Confirma la compatibilidad con el fabricante antes de integrar.
Tarjetas NFC;¿Puedes darme ejemplos de Las tarjetas NFC son compatibles con otros sistemas de control de acceso?;Son compatibles con sistemas que utilicen el mismo estándar de tecnología NFC. Confirma la compatibilidad con el fabricante antes de integrar.
Tarjetas NFC;¿Dónde puedo consultar más acerca de Las tarjetas NFC son compatibles con otros sistemas de control de acceso?;Son compatibles con sistemas que utilicen el mismo estándar de tecnología NFC. Confirma la compatibilidad con el fabricante antes de integrar.
Tarjetas NFC;¿Me podrías enseñar más sobre Las tarjetas NFC son compatibles con otros sistemas de control de acceso?;Son compatibles con sistemas que utilicen el mismo estándar de tecnología NFC. Confirma la compatibilidad con el fabricante antes de integrar.
Tarjetas NFC;¿Qué sucede si hay una falla en la conexión entre el lector NFC y la plataforma?;Los lectores almacenan los accesos localmente y los sincronizan automáticamente cuando se restablece la conexión.
Tarjetas NFC;¿Me puedes explicar Qué sucede si hay una falla en la conexión entre el lector NFC y la plataforma?;Los lectores almacenan los accesos localmente y los sincronizan automáticamente cuando se restablece la conexión.
Tarjetas NFC;¿Podrías mostrarme Qué sucede si hay una falla en la conexión entre el lector NFC y la plataforma?;Los lectores almacenan los accesos localmente y los sincronizan automáticamente cuando se restablece la conexión.
Tarjetas NFC;¿Me puedes contar sobre Qué sucede si hay una falla en la conexión entre el lector NFC y la plataforma?;Los lectores almacenan los accesos localmente y los sincronizan automáticamente cuando se restablece la conexión.
Tarjetas NFC;¿Tienen información acerca de Qué sucede si hay una falla en la conexión entre el lector NFC y la plataforma?;Los lectores almacenan los accesos localmente y los sincronizan automáticamente cuando se restablece la conexión.
Tarjetas NFC;¿Dónde encuentro detalles sobre Qué sucede si hay una falla en la conexión entre el lector NFC y la plataforma?;Los lectores almacenan los accesos localmente y los sincronizan automáticamente cuando se restablece la conexión.
Tarjetas NFC;¿Cómo puedo saber más sobre Qué sucede si hay una falla en la conexión entre el lector NFC y la plataforma?;Los lectores almacenan los accesos localmente y los sincronizan automáticamente cuando se restablece la conexión.
Tarjetas NFC;¿Hay un tutorial o explicación sobre Qué sucede si hay una falla en la conexión entre el lector NFC y la plataforma?;Los lectores almacenan los accesos localmente y los sincronizan automáticamente cuando se restablece la conexión.
Tarjetas NFC;¿Puedes darme ejemplos de Qué sucede si hay una falla en la conexión entre el lector NFC y la plataforma?;Los lectores almacenan los accesos localmente y los sincronizan automáticamente cuando se restablece la conexión.
Tarjetas NFC;¿Dónde puedo consultar más acerca de Qué sucede si hay una falla en la conexión entre el lector NFC y la plataforma?;Los lectores almacenan los accesos localmente y los sincronizan automáticamente cuando se restablece la conexión.
Tarjetas NFC;¿Me podrías enseñar más sobre Qué sucede si hay una falla en la conexión entre el lector NFC y la plataforma?;Los lectores almacenan los accesos localmente y los sincronizan automáticamente cuando se restablece la conexión.
Tarjetas NFC;¿Cuánto tiempo tarda en activarse una tarjeta NFC tras su registro?;La activación es inmediata una vez finalizada la configuración en el sistema.
Tarjetas NFC;¿Me puedes explicar Cuánto tiempo tarda en activarse una tarjeta NFC tras su registro?;La activación es inmediata una vez finalizada la configuración en el sistema.
Tarjetas NFC;¿Podrías mostrarme Cuánto tiempo tarda en activarse una tarjeta NFC tras su registro?;La activación es inmediata una vez finalizada la configuración en el sistema.
Tarjetas NFC;¿Me puedes contar sobre Cuánto tiempo tarda en activarse una tarjeta NFC tras su registro?;La activación es inmediata una vez finalizada la configuración en el sistema.
Tarjetas NFC;¿Tienen información acerca de Cuánto tiempo tarda en activarse una tarjeta NFC tras su registro?;La activación es inmediata una vez finalizada la configuración en el sistema.
Tarjetas NFC;¿Dónde encuentro detalles sobre Cuánto tiempo tarda en activarse una tarjeta NFC tras su registro?;La activación es inmediata una vez finalizada la configuración en el sistema.
Tarjetas NFC;¿Cómo puedo saber más sobre Cuánto tiempo tarda en activarse una tarjeta NFC tras su registro?;La activación es inmediata una vez finalizada la configuración en el sistema.
Tarjetas NFC;¿Hay un tutorial o explicación sobre Cuánto tiempo tarda en activarse una tarjeta NFC tras su registro?;La activación es inmediata una vez finalizada la configuración en el sistema.
Tarjetas NFC;¿Puedes darme ejemplos de Cuánto tiempo tarda en activarse una tarjeta NFC tras su registro?;La activación es inmediata una vez finalizada la configuración en el sistema.
Tarjetas NFC;¿Dónde puedo consultar más acerca de Cuánto tiempo tarda en activarse una tarjeta NFC tras su registro?;La activación es inmediata una vez finalizada la configuración en el sistema.
Tarjetas NFC;¿Me podrías enseñar más sobre Cuánto tiempo tarda en activarse una tarjeta NFC tras su registro?;La activación es inmediata una vez finalizada la configuración en el sistema.
Tarjetas NFC;¿Cómo actualizo los datos de un usuario vinculado a una tarjeta NFC?;Edita el perfil del usuario en el sistema y los cambios se reflejarán de inmediato en todos los accesos asociados.
Tarjetas NFC;¿Me puedes explicar Cómo actualizo los datos de un usuario vinculado a una tarjeta NFC?;Edita el perfil del usuario en el sistema y los cambios se reflejarán de inmediato en todos los accesos asociados.
Tarjetas NFC;¿Podrías mostrarme Cómo actualizo los datos de un usuario vinculado a una tarjeta NFC?;Edita el perfil del usuario en el sistema y los cambios se reflejarán de inmediato en todos los accesos asociados.
Tarjetas NFC;¿Me puedes contar sobre Cómo actualizo los datos de un usuario vinculado a una tarjeta NFC?;Edita el perfil del usuario en el sistema y los cambios se reflejarán de inmediato en todos los accesos asociados.
Tarjetas NFC;¿Tienen información acerca de Cómo actualizo los datos de un usuario vinculado a una tarjeta NFC?;Edita el perfil del usuario en el sistema y los cambios se reflejarán de inmediato en todos los accesos asociados.
Tarjetas NFC;¿Dónde encuentro detalles sobre Cómo actualizo los datos de un usuario vinculado a una tarjeta NFC?;Edita el perfil del usuario en el sistema y los cambios se reflejarán de inmediato en todos los accesos asociados.
Tarjetas NFC;¿Cómo puedo saber más sobre Cómo actualizo los datos de un usuario vinculado a una tarjeta NFC?;Edita el perfil del usuario en el sistema y los cambios se reflejarán de inmediato en todos los accesos asociados.
Tarjetas NFC;¿Hay un tutorial o explicación sobre Cómo actualizo los datos de un usuario vinculado a una tarjeta NFC?;Edita el perfil del usuario en el sistema y los cambios se reflejarán de inmediato en todos los accesos asociados.
Tarjetas NFC;¿Puedes darme ejemplos de Cómo actualizo los datos de un usuario vinculado a una tarjeta NFC?;Edita el perfil del usuario en el sistema y los cambios se reflejarán de inmediato en todos los accesos asociados.
Tarjetas NFC;¿Dónde puedo consultar más acerca de Cómo actualizo los datos de un usuario vinculado a una tarjeta NFC?;Edita el perfil del usuario en el sistema y los cambios se reflejarán de inmediato en todos los accesos asociados.
Tarjetas NFC;¿Me podrías enseñar más sobre Cómo actualizo los datos de un usuario vinculado a una tarjeta NFC?;Edita el perfil del usuario en el sistema y los cambios se reflejarán de inmediato en todos los accesos asociados.
Tarjetas NFC;¿Qué hago si una tarjeta registra lecturas dobles por error?;Ajusta la sensibilidad del lector y contacta soporte si el problema persiste para recalibrar el equipo.
Tarjetas NFC;¿Me puedes explicar Qué hago si una tarjeta registra lecturas dobles por error?;Ajusta la sensibilidad del lector y contacta soporte si el problema persiste para recalibrar el equipo.
Tarjetas NFC;¿Podrías mostrarme Qué hago si una tarjeta registra lecturas dobles por error?;Ajusta la sensibilidad del lector y contacta soporte si el problema persiste para recalibrar el equipo.
Tarjetas NFC;¿Me puedes contar sobre Qué hago si una tarjeta registra lecturas dobles por error?;Ajusta la sensibilidad del lector y contacta soporte si el problema persiste para recalibrar el equipo.
Tarjetas NFC;¿Tienen información acerca de Qué hago si una tarjeta registra lecturas dobles por error?;Ajusta la sensibilidad del lector y contacta soporte si el problema persiste para recalibrar el equipo.
Tarjetas NFC;¿Dónde encuentro detalles sobre Qué hago si una tarjeta registra lecturas dobles por error?;Ajusta la sensibilidad del lector y contacta soporte si el problema persiste para recalibrar el equipo.
Tarjetas NFC;¿Cómo puedo saber más sobre Qué hago si una tarjeta registra lecturas dobles por error?;Ajusta la sensibilidad del lector y contacta soporte si el problema persiste para recalibrar el equipo.
Tarjetas NFC;¿Hay un tutorial o explicación sobre Qué hago si una tarjeta registra lecturas dobles por error?;Ajusta la sensibilidad del lector y contacta soporte si el problema persiste para recalibrar el equipo.
Tarjetas NFC;¿Puedes darme ejemplos de Qué hago si una tarjeta registra lecturas dobles por error?;Ajusta la sensibilidad del lector y contacta soporte si el problema persiste para recalibrar el equipo.
Tarjetas NFC;¿Dónde puedo consultar más acerca de Qué hago si una tarjeta registra lecturas dobles por error?;Ajusta la sensibilidad del lector y contacta soporte si el problema persiste para recalibrar el equipo.
Tarjetas NFC;¿Me podrías enseñar más sobre Qué hago si una tarjeta registra lecturas dobles por error?;Ajusta la sensibilidad del lector y contacta soporte si el problema persiste para recalibrar el equipo.
Tarjetas NFC;¿Cómo hago la migración de datos de tarjetas NFC a otro sistema?;"Solicita soporte; el equipo de Ingelean puede ayudarte a exportar e integrar los datos a otros sistemas."
Tarjetas NFC;¿Me puedes explicar Cómo hago la migración de datos de tarjetas NFC a otro sistema?;"Solicita soporte; el equipo de Ingelean puede ayudarte a exportar e integrar los datos a otros sistemas."
Tarjetas NFC;¿Podrías mostrarme Cómo hago la migración de datos de tarjetas NFC a otro sistema?;"Solicita soporte; el equipo de Ingelean puede ayudarte a exportar e integrar los datos a otros sistemas."
Tarjetas NFC;¿Me puedes contar sobre Cómo hago la migración de datos de tarjetas NFC a otro sistema?;"Solicita soporte; el equipo de Ingelean puede ayudarte a exportar e integrar los datos a otros sistemas."
Tarjetas NFC;¿Tienen información acerca de Cómo hago la migración de datos de tarjetas NFC a otro sistema?;"Solicita soporte; el equipo de Ingelean puede ayudarte a exportar e integrar los datos a otros sistemas."
Tarjetas NFC;¿Dónde encuentro detalles sobre Cómo hago la migración de datos de tarjetas NFC a otro sistema?;"Solicita soporte; el equipo de Ingelean puede ayudarte a exportar e integrar los datos a otros sistemas."
Tarjetas NFC;¿Cómo puedo saber más sobre Cómo hago la migración de datos de tarjetas NFC a otro sistema?;"Solicita soporte; el equipo de Ingelean puede ayudarte a exportar e integrar los datos a otros sistemas."
Tarjetas NFC;¿Hay un tutorial o explicación sobre Cómo hago la migración de datos de tarjetas NFC a otro sistema?;"Solicita soporte; el equipo de Ingelean puede ayudarte a exportar e integrar los datos a otros sistemas."
Tarjetas NFC;¿Puedes darme ejemplos de Cómo hago la migración de datos de tarjetas NFC a otro sistema?;"Solicita soporte; el equipo de Ingelean puede ayudarte a exportar e integrar los datos a otros sistemas."
Tarjetas NFC;¿Dónde puedo consultar más acerca de Cómo hago la migración de datos de tarjetas NFC a otro sistema?;"Solicita soporte; el equipo de Ingelean puede ayudarte a exportar e integrar los datos a otros sistemas."
Tarjetas NFC;¿Me podrías enseñar más sobre Cómo hago la migración de datos de tarjetas NFC a otro sistema?;"Solicita soporte; el equipo de Ingelean puede ayudarte a exportar e integrar los datos a otros sistemas."
Tarjetas NFC;¿Cómo verifico si el lector NFC está correctamente conectado?;"La plataforma muestra el estado de conexión de cada lector; puedes hacer pruebas de acceso para confirmarlo."
Tarjetas NFC;¿Me puedes explicar Cómo verifico si el lector NFC está correctamente conectado?;"La plataforma muestra el estado de conexión de cada lector; puedes hacer pruebas de acceso para confirmarlo."
Tarjetas NFC;¿Podrías mostrarme Cómo verifico si el lector NFC está correctamente conectado?;"La plataforma muestra el estado de conexión de cada lector; puedes hacer pruebas de acceso para confirmarlo."
Tarjetas NFC;¿Me puedes contar sobre Cómo verifico si el lector NFC está correctamente conectado?;"La plataforma muestra el estado de conexión de cada lector; puedes hacer pruebas de acceso para confirmarlo."
Tarjetas NFC;¿Tienen información acerca de Cómo verifico si el lector NFC está correctamente conectado?;"La plataforma muestra el estado de conexión de cada lector; puedes hacer pruebas de acceso para confirmarlo."
Tarjetas NFC;¿Dónde encuentro detalles sobre Cómo verifico si el lector NFC está correctamente conectado?;"La plataforma muestra el estado de conexión de cada lector; puedes hacer pruebas de acceso para confirmarlo."
Tarjetas NFC;¿Cómo puedo saber más sobre Cómo verifico si el lector NFC está correctamente conectado?;"La plataforma muestra el estado de conexión de cada lector; puedes hacer pruebas de acceso para confirmarlo."
Tarjetas NFC;¿Hay un tutorial o explicación sobre Cómo verifico si el lector NFC está correctamente conectado?;"La plataforma muestra el estado de conexión de cada lector; puedes hacer pruebas de acceso para confirmarlo."
Tarjetas NFC;¿Puedes darme ejemplos de Cómo verifico si el lector NFC está correctamente conectado?;"La plataforma muestra el estado de conexión de cada lector; puedes hacer pruebas de acceso para confirmarlo."
Tarjetas NFC;¿Dónde puedo consultar más acerca de Cómo verifico si el lector NFC está correctamente conectado?;"La plataforma muestra el estado de conexión de cada lector; puedes hacer pruebas de acceso para confirmarlo."
Tarjetas NFC;¿Me podrías enseñar más sobre Cómo verifico si el lector NFC está correctamente conectado?;"La plataforma muestra el estado de conexión de cada lector; puedes hacer pruebas de acceso para confirmarlo."
Tarjetas NFC;¿Cuánto dura la batería (si aplica) de los lectores NFC?;"La mayoría de lectores instalados funcionan con energía fija; los portátiles tienen autonomía según el modelo (consulta ficha técnica)."
Tarjetas NFC;¿Me puedes explicar Cuánto dura la batería (si aplica) de los lectores NFC?;"La mayoría de lectores instalados funcionan con energía fija; los portátiles tienen autonomía según el modelo (consulta ficha técnica)."
Tarjetas NFC;¿Podrías mostrarme Cuánto dura la batería (si aplica) de los lectores NFC?;"La mayoría de lectores instalados funcionan con energía fija; los portátiles tienen autonomía según el modelo (consulta ficha técnica)."
Tarjetas NFC;¿Me puedes contar sobre Cuánto dura la batería (si aplica) de los lectores NFC?;"La mayoría de lectores instalados funcionan con energía fija; los portátiles tienen autonomía según el modelo (consulta ficha técnica)."
Tarjetas NFC;¿Tienen información acerca de Cuánto dura la batería (si aplica) de los lectores NFC?;"La mayoría de lectores instalados funcionan con energía fija; los portátiles tienen autonomía según el modelo (consulta ficha técnica)."
Tarjetas NFC;¿Dónde encuentro detalles sobre Cuánto dura la batería (si aplica) de los lectores NFC?;"La mayoría de lectores instalados funcionan con energía fija; los portátiles tienen autonomía según el modelo (consulta ficha técnica)."
Tarjetas NFC;¿Cómo puedo saber más sobre Cuánto dura la batería (si aplica) de los lectores NFC?;"La mayoría de lectores instalados funcionan con energía fija; los portátiles tienen autonomía según el modelo (consulta ficha técnica)."
Tarjetas NFC;¿Hay un tutorial o explicación sobre Cuánto dura la batería (si aplica) de los lectores NFC?;"La mayoría de lectores instalados funcionan con energía fija; los portátiles tienen autonomía según el modelo (consulta ficha técnica)."
Tarjetas NFC;¿Puedes darme ejemplos de Cuánto dura la batería (si aplica) de los lectores NFC?;"La mayoría de lectores instalados funcionan con energía fija; los portátiles tienen autonomía según el modelo (consulta ficha técnica)."
Tarjetas NFC;¿Dónde puedo consultar más acerca de Cuánto dura la batería (si aplica) de los lectores NFC?;"La mayoría de lectores instalados funcionan con energía fija; los portátiles tienen autonomía según el modelo (consulta ficha técnica)."
Tarjetas NFC;¿Me podrías enseñar más sobre Cuánto dura la batería (si aplica) de los lectores NFC?;"La mayoría de lectores instalados funcionan con energía fija; los portátiles tienen autonomía según el modelo (consulta ficha técnica)."
Tarjetas NFC;¿Cómo protegen los datos personales de los empleados registrados en tarjetas?;"Los datos personales no se guardan en la tarjeta; solo un identificador. La información sensible reside cifrada en la plataforma."
Tarjetas NFC;¿Me puedes explicar Cómo protegen los datos personales de los empleados registrados en tarjetas?;"Los datos personales no se guardan en la tarjeta; solo un identificador. La información sensible reside cifrada en la plataforma."
Tarjetas NFC;¿Podrías mostrarme Cómo protegen los datos personales de los empleados registrados en tarjetas?;"Los datos personales no se guardan en la tarjeta; solo un identificador. La información sensible reside cifrada en la plataforma."
Tarjetas NFC;¿Me puedes contar sobre Cómo protegen los datos personales de los empleados registrados en tarjetas?;"Los datos personales no se guardan en la tarjeta; solo un identificador. La información sensible reside cifrada en la plataforma."
Tarjetas NFC;¿Tienen información acerca de Cómo protegen los datos personales de los empleados registrados en tarjetas?;"Los datos personales no se guardan en la tarjeta; solo un identificador. La información sensible reside cifrada en la plataforma."
Tarjetas NFC;¿Dónde encuentro detalles sobre Cómo protegen los datos personales de los empleados registrados en tarjetas?;"Los datos personales no se guardan en la tarjeta; solo un identificador. La información sensible reside cifrada en la plataforma."
Tarjetas NFC;¿Cómo puedo saber más sobre Cómo protegen los datos personales de los empleados registrados en tarjetas?;"Los datos personales no se guardan en la tarjeta; solo un identificador. La información sensible reside cifrada en la plataforma."
Tarjetas NFC;¿Hay un tutorial o explicación sobre Cómo protegen los datos personales de los empleados registrados en tarjetas?;"Los datos personales no se guardan en la tarjeta; solo un identificador. La información sensible reside cifrada en la plataforma."
Tarjetas NFC;¿Puedes darme ejemplos de Cómo protegen los datos personales de los empleados registrados en tarjetas?;"Los datos personales no se guardan en la tarjeta; solo un identificador. La información sensible reside cifrada en la plataforma."
Tarjetas NFC;¿Dónde puedo consultar más acerca de Cómo protegen los datos personales de los empleados registrados en tarjetas?;"Los datos personales no se guardan en la tarjeta; solo un identificador. La información sensible reside cifrada en la plataforma."
Tarjetas NFC;¿Me podrías enseñar más sobre Cómo protegen los datos personales de los empleados registrados en tarjetas?;"Los datos personales no se guardan en la tarjeta; solo un identificador. La información sensible reside cifrada en la plataforma."
Beavertime;¿Cómo asigno o reemplazo una tarjeta NFC a un trabajador?;Entra al perfil del empleado y selecciona la opción de “Asignar/reemplazar tarjeta”. Escanea la nueva tarjeta para vincularla al usuario.
Beavertime;¿Me puedes explicar Cómo asigno o reemplazo una tarjeta NFC a un trabajador?;Entra al perfil del empleado y selecciona la opción de “Asignar/reemplazar tarjeta”. Escanea la nueva tarjeta para vincularla al usuario.
Beavertime;¿Podrías mostrarme Cómo asigno o reemplazo una tarjeta NFC a un trabajador?;Entra al perfil del empleado y selecciona la opción de “Asignar/reemplazar tarjeta”. Escanea la nueva tarjeta para vincularla al usuario.
Beavertime;¿Me puedes contar sobre Cómo asigno o reemplazo una tarjeta NFC a un trabajador?;Entra al perfil del empleado y selecciona la opción de “Asignar/reemplazar tarjeta”. Escanea la nueva tarjeta para vincularla al usuario.
Beavertime;¿Tienen información acerca de Cómo asigno o reemplazo una tarjeta NFC a un trabajador?;Entra al perfil del empleado y selecciona la opción de “Asignar/reemplazar tarjeta”. Escanea la nueva tarjeta para vincularla al usuario.
Beavertime;¿Dónde encuentro detalles sobre Cómo asigno o reemplazo una tarjeta NFC a un trabajador?;Entra al perfil del empleado y selecciona la opción de “Asignar/reemplazar tarjeta”. Escanea la nueva tarjeta para vincularla al usuario.
Beavertime;¿Cómo puedo saber más sobre Cómo asigno o reemplazo una tarjeta NFC a un trabajador?;Entra al perfil del empleado y selecciona la opción de “Asignar/reemplazar tarjeta”. Escanea la nueva tarjeta para vincularla al usuario.
Beavertime;¿Hay un tutorial o explicación sobre Cómo asigno o reemplazo una tarjeta NFC a un trabajador?;Entra al perfil del empleado y selecciona la opción de “Asignar/reemplazar tarjeta”. Escanea la nueva tarjeta para vincularla al usuario.
Beavertime;¿Puedes darme ejemplos de Cómo asigno o reemplazo una tarjeta NFC a un trabajador?;Entra al perfil del empleado y selecciona la opción de “Asignar/reemplazar tarjeta”. Escanea la nueva tarjeta para vincularla al usuario.
Beavertime;¿Dónde puedo consultar más acerca de Cómo asigno o reemplazo una tarjeta NFC a un trabajador?;Entra al perfil del empleado y selecciona la opción de “Asignar/reemplazar tarjeta”. Escanea la nueva tarjeta para vincularla al usuario.
Beavertime;¿Me podrías enseñar más sobre Cómo asigno o reemplazo una tarjeta NFC a un trabajador?;Entra al perfil del empleado y selecciona la opción de “Asignar/reemplazar tarjeta”. Escanea la nueva tarjeta para vincularla al usuario.
Beavertime;¿Qué hago si el sistema no registra la asistencia de un empleado?;Verifica que el lector esté funcionando y correctamente conectado. Confirma que el usuario esté activo y tenga su tarjeta/huella bien registrada.
Beavertime;¿Me puedes explicar Qué hago si el sistema no registra la asistencia de un empleado?;Verifica que el lector esté funcionando y correctamente conectado. Confirma que el usuario esté activo y tenga su tarjeta/huella bien registrada.
Beavertime;¿Podrías mostrarme Qué hago si el sistema no registra la asistencia de un empleado?;Verifica que el lector esté funcionando y correctamente conectado. Confirma que el usuario esté activo y tenga su tarjeta/huella bien registrada.
Beavertime;¿Me puedes contar sobre Qué hago si el sistema no registra la asistencia de un empleado?;Verifica que el lector esté funcionando y correctamente conectado. Confirma que el usuario esté activo y tenga su tarjeta/huella bien registrada.
Beavertime;¿Tienen información acerca de Qué hago si el sistema no registra la asistencia de un empleado?;Verifica que el lector esté funcionando y correctamente conectado. Confirma que el usuario esté activo y tenga su tarjeta/huella bien registrada.
Beavertime;¿Dónde encuentro detalles sobre Qué hago si el sistema no registra la asistencia de un empleado?;Verifica que el lector esté funcionando y correctamente conectado. Confirma que el usuario esté activo y tenga su tarjeta/huella bien registrada.
Beavertime;¿Cómo puedo saber más sobre Qué hago si el sistema no registra la asistencia de un empleado?;Verifica que el lector esté funcionando y correctamente conectado. Confirma que el usuario esté activo y tenga su tarjeta/huella bien registrada.
Beavertime;¿Hay un tutorial o explicación sobre Qué hago si el sistema no registra la asistencia de un empleado?;Verifica que el lector esté funcionando y correctamente conectado. Confirma que el usuario esté activo y tenga su tarjeta/huella bien registrada.
Beavertime;¿Puedes darme ejemplos de Qué hago si el sistema no registra la asistencia de un empleado?;Verifica que el lector esté funcionando y correctamente conectado. Confirma que el usuario esté activo y tenga su tarjeta/huella bien registrada.
Beavertime;¿Dónde puedo consultar más acerca de Qué hago si el sistema no registra la asistencia de un empleado?;Verifica que el lector esté funcionando y correctamente conectado. Confirma que el usuario esté activo y tenga su tarjeta/huella bien registrada.
Beavertime;¿Me podrías enseñar más sobre Qué hago si el sistema no registra la asistencia de un empleado?;Verifica que el lector esté funcionando y correctamente conectado. Confirma que el usuario esté activo y tenga su tarjeta/huella bien registrada.
Beavertime;¿Cómo se realiza una copia de seguridad de los datos del sistema?;"Las copias de seguridad se generan automáticamente; también puedes solicitar un backup manual desde el panel de administración."
Beavertime;¿Me puedes explicar Cómo se realiza una copia de seguridad de los datos del sistema?;"Las copias de seguridad se generan automáticamente; también puedes solicitar un backup manual desde el panel de administración."
Beavertime;¿Podrías mostrarme Cómo se realiza una copia de seguridad de los datos del sistema?;"Las copias de seguridad se generan automáticamente; también puedes solicitar un backup manual desde el panel de administración."
Beavertime;¿Me puedes contar sobre Cómo se realiza una copia de seguridad de los datos del sistema?;"Las copias de seguridad se generan automáticamente; también puedes solicitar un backup manual desde el panel de administración."
Beavertime;¿Tienen información acerca de Cómo se realiza una copia de seguridad de los datos del sistema?;"Las copias de seguridad se generan automáticamente; también puedes solicitar un backup manual desde el panel de administración."
Beavertime;¿Dónde encuentro detalles sobre Cómo se realiza una copia de seguridad de los datos del sistema?;"Las copias de seguridad se generan automáticamente; también puedes solicitar un backup manual desde el panel de administración."
Beavertime;¿Cómo puedo saber más sobre Cómo se realiza una copia de seguridad de los datos del sistema?;"Las copias de seguridad se generan automáticamente; también puedes solicitar un backup manual desde el panel de administración."
Beavertime;¿Hay un tutorial o explicación sobre Cómo se realiza una copia de seguridad de los datos del sistema?;"Las copias de seguridad se generan automáticamente; también puedes solicitar un backup manual desde el panel de administración."
Beavertime;¿Puedes darme ejemplos de Cómo se realiza una copia de seguridad de los datos del sistema?;"Las copias de seguridad se generan automáticamente; también puedes solicitar un backup manual desde el panel de administración."
Beavertime;¿Dónde puedo consultar más acerca de Cómo se realiza una copia de seguridad de los datos del sistema?;"Las copias de seguridad se generan automáticamente; también puedes solicitar un backup manual desde el panel de administración."
Beavertime;¿Me podrías enseñar más sobre Cómo se realiza una copia de seguridad de los datos del sistema?;"Las copias de seguridad se generan automáticamente; también puedes solicitar un backup manual desde el panel de administración."
Beavertime;¿Qué hago si un empleado pierde su tarjeta NFC?;Bloquea la tarjeta perdida en el sistema y asigna una nueva al usuario afectado.
Beavertime;¿Me puedes explicar Qué hago si un empleado pierde su tarjeta NFC?;Bloquea la tarjeta perdida en el sistema y asigna una nueva al usuario afectado.
Beavertime;¿Podrías mostrarme Qué hago si un empleado pierde su tarjeta NFC?;Bloquea la tarjeta perdida en el sistema y asigna una nueva al usuario afectado.
Beavertime;¿Me puedes contar sobre Qué hago si un empleado pierde su tarjeta NFC?;Bloquea la tarjeta perdida en el sistema y asigna una nueva al usuario afectado.
Beavertime;¿Tienen información acerca de Qué hago si un empleado pierde su tarjeta NFC?;Bloquea la tarjeta perdida en el sistema y asigna una nueva al usuario afectado.
Beavertime;¿Dónde encuentro detalles sobre Qué hago si un empleado pierde su tarjeta NFC?;Bloquea la tarjeta perdida en el sistema y asigna una nueva al usuario afectado.
Beavertime;¿Cómo puedo saber más sobre Qué hago si un empleado pierde su tarjeta NFC?;Bloquea la tarjeta perdida en el sistema y asigna una nueva al usuario afectado.
Beavertime;¿Hay un tutorial o explicación sobre Qué hago si un empleado pierde su tarjeta NFC?;Bloquea la tarjeta perdida en el sistema y asigna una nueva al usuario afectado.
Beavertime;¿Puedes darme ejemplos de Qué hago si un empleado pierde su tarjeta NFC?;Bloquea la tarjeta perdida en el sistema y asigna una nueva al usuario afectado.
Beavertime;¿Dónde puedo consultar más acerca de Qué hago si un empleado pierde su tarjeta NFC?;Bloquea la tarjeta perdida en el sistema y asigna una nueva al usuario afectado.
Beavertime;¿Me podrías enseñar más sobre Qué hago si un empleado pierde su tarjeta NFC?;Bloquea la tarjeta perdida en el sistema y asigna una nueva al usuario afectado.
Beavertime;¿Cómo se gestiona el registro de visitantes o personal temporal?;Se pueden crear perfiles temporales y asignarles tarjetas NFC con permisos y fechas de vencimiento específicas.
Beavertime;¿Me puedes explicar Cómo se gestiona el registro de visitantes o personal temporal?;Se pueden crear perfiles temporales y asignarles tarjetas NFC con permisos y fechas de vencimiento específicas.
Beavertime;¿Podrías mostrarme Cómo se gestiona el registro de visitantes o personal temporal?;Se pueden crear perfiles temporales y asignarles tarjetas NFC con permisos y fechas de vencimiento específicas.
Beavertime;¿Me puedes contar sobre Cómo se gestiona el registro de visitantes o personal temporal?;Se pueden crear perfiles temporales y asignarles tarjetas NFC con permisos y fechas de vencimiento específicas.
Beavertime;¿Tienen información acerca de Cómo se gestiona el registro de visitantes o personal temporal?;Se pueden crear perfiles temporales y asignarles tarjetas NFC con permisos y fechas de vencimiento específicas.
Beavertime;¿Dónde encuentro detalles sobre Cómo se gestiona el registro de visitantes o personal temporal?;Se pueden crear perfiles temporales y asignarles tarjetas NFC con permisos y fechas de vencimiento específicas.
Beavertime;¿Cómo puedo saber más sobre Cómo se gestiona el registro de visitantes o personal temporal?;Se pueden crear perfiles temporales y asignarles tarjetas NFC con permisos y fechas de vencimiento específicas.
Beavertime;¿Hay un tutorial o explicación sobre Cómo se gestiona el registro de visitantes o personal temporal?;Se pueden crear perfiles temporales y asignarles tarjetas NFC con permisos y fechas de vencimiento específicas.
Beavertime;¿Puedes darme ejemplos de Cómo se gestiona el registro de visitantes o personal temporal?;Se pueden crear perfiles temporales y asignarles tarjetas NFC con permisos y fechas de vencimiento específicas.
Beavertime;¿Dónde puedo consultar más acerca de Cómo se gestiona el registro de visitantes o personal temporal?;Se pueden crear perfiles temporales y asignarles tarjetas NFC con permisos y fechas de vencimiento específicas.
Beavertime;¿Me podrías enseñar más sobre Cómo se gestiona el registro de visitantes o personal temporal?;Se pueden crear perfiles temporales y asignarles tarjetas NFC con permisos y fechas de vencimiento específicas.
Beavertime;¿Cómo consulto el historial de cambios realizados en el sistema?;En la sección de auditoría puedes ver las acciones y modificaciones hechas por cada usuario.
Beavertime;¿Me puedes explicar Cómo consulto el historial de cambios realizados en el sistema?;En la sección de auditoría puedes ver las acciones y modificaciones hechas por cada usuario.
Beavertime;¿Podrías mostrarme Cómo consulto el historial de cambios realizados en el sistema?;En la sección de auditoría puedes ver las acciones y modificaciones hechas por cada usuario.
Beavertime;¿Me puedes contar sobre Cómo consulto el historial de cambios realizados en el sistema?;En la sección de auditoría puedes ver las acciones y modificaciones hechas por cada usuario.
Beavertime;¿Tienen información acerca de Cómo consulto el historial de cambios realizados en el sistema?;En la sección de auditoría puedes ver las acciones y modificaciones hechas por cada usuario.
Beavertime;¿Dónde encuentro detalles sobre Cómo consulto el historial de cambios realizados en el sistema?;En la sección de auditoría puedes ver las acciones y modificaciones hechas por cada usuario.
Beavertime;¿Cómo puedo saber más sobre Cómo consulto el historial de cambios realizados en el sistema?;En la sección de auditoría puedes ver las acciones y modificaciones hechas por cada usuario.
Beavertime;¿Hay un tutorial o explicación sobre Cómo consulto el historial de cambios realizados en el sistema?;En la sección de auditoría puedes ver las acciones y modificaciones hechas por cada usuario.
Beavertime;¿Puedes darme ejemplos de Cómo consulto el historial de cambios realizados en el sistema?;En la sección de auditoría puedes ver las acciones y modificaciones hechas por cada usuario.
Beavertime;¿Dónde puedo consultar más acerca de Cómo consulto el historial de cambios realizados en el sistema?;En la sección de auditoría puedes ver las acciones y modificaciones hechas por cada usuario.
Beavertime;¿Me podrías enseñar más sobre Cómo consulto el historial de cambios realizados en el sistema?;En la sección de auditoría puedes ver las acciones y modificaciones hechas por cada usuario.
PLC - Batería;¿Qué tipo de batería utilizo para  el PLC y cuál es su vida útil típica?;Debes utilizar bateria de Litio 3.0V/3.6V. Vida útil: 2 a 5 años
PLC - Batería;¿Me puedes explicar Qué tipo de batería utilizo para  el PLC y cuál es su vida útil típica?;Debes utilizar bateria de Litio 3.0V/3.6V. Vida útil: 2 a 5 años
PLC - Batería;¿Podrías mostrarme Qué tipo de batería utilizo para  el PLC y cuál es su vida útil típica?;Debes utilizar bateria de Litio 3.0V/3.6V. Vida útil: 2 a 5 años
PLC - Batería;¿Me puedes contar sobre Qué tipo de batería utilizo para  el PLC y cuál es su vida útil típica?;Debes utilizar bateria de Litio 3.0V/3.6V. Vida útil: 2 a 5 años
PLC - Batería;¿Tienen información acerca de Qué tipo de batería utilizo para  el PLC y cuál es su vida útil típica?;Debes utilizar bateria de Litio 3.0V/3.6V. Vida útil: 2 a 5 años
PLC - Batería;¿Dónde encuentro detalles sobre Qué tipo de batería utilizo para  el PLC y cuál es su vida útil típica?;Debes utilizar bateria de Litio 3.0V/3.6V. Vida útil: 2 a 5 años
PLC - Batería;¿Cómo puedo saber más sobre Qué tipo de batería utilizo para  el PLC y cuál es su vida útil típica?;Debes utilizar bateria de Litio 3.0V/3.6V. Vida útil: 2 a 5 años
PLC - Batería;¿Hay un tutorial o explicación sobre Qué tipo de batería utilizo para  el PLC y cuál es su vida útil típica?;Debes utilizar bateria de Litio 3.0V/3.6V. Vida útil: 2 a 5 años
PLC - Batería;¿Puedes darme ejemplos de Qué tipo de batería utilizo para  el PLC y cuál es su vida útil típica?;Debes utilizar bateria de Litio 3.0V/3.6V. Vida útil: 2 a 5 años
PLC - Batería;¿Dónde puedo consultar más acerca de Qué tipo de batería utilizo para  el PLC y cuál es su vida útil típica?;Debes utilizar bateria de Litio 3.0V/3.6V. Vida útil: 2 a 5 años
PLC - Batería;¿Me podrías enseñar más sobre Qué tipo de batería utilizo para  el PLC y cuál es su vida útil típica?;Debes utilizar bateria de Litio 3.0V/3.6V. Vida útil: 2 a 5 años
PLC - Batería;¿Cómo puedo detectar que la batería está baja?;Puedes verificar si el LED BATT encendido o parpadeando en rojo
PLC - Batería;¿Me puedes explicar Cómo puedo detectar que la batería está baja?;Puedes verificar si el LED BATT encendido o parpadeando en rojo
PLC - Batería;¿Podrías mostrarme Cómo puedo detectar que la batería está baja?;Puedes verificar si el LED BATT encendido o parpadeando en rojo
PLC - Batería;¿Me puedes contar sobre Cómo puedo detectar que la batería está baja?;Puedes verificar si el LED BATT encendido o parpadeando en rojo
PLC - Batería;¿Tienen información acerca de Cómo puedo detectar que la batería está baja?;Puedes verificar si el LED BATT encendido o parpadeando en rojo
PLC - Batería;¿Dónde encuentro detalles sobre Cómo puedo detectar que la batería está baja?;Puedes verificar si el LED BATT encendido o parpadeando en rojo
PLC - Batería;¿Cómo puedo saber más sobre Cómo puedo detectar que la batería está baja?;Puedes verificar si el LED BATT encendido o parpadeando en rojo
PLC - Batería;¿Hay un tutorial o explicación sobre Cómo puedo detectar que la batería está baja?;Puedes verificar si el LED BATT encendido o parpadeando en rojo
PLC - Batería;¿Puedes darme ejemplos de Cómo puedo detectar que la batería está baja?;Puedes verificar si el LED BATT encendido o parpadeando en rojo
PLC - Batería;¿Dónde puedo consultar más acerca de Cómo puedo detectar que la batería está baja?;Puedes verificar si el LED BATT encendido o parpadeando en rojo
PLC - Batería;¿Me podrías enseñar más sobre Cómo puedo detectar que la batería está baja?;Puedes verificar si el LED BATT encendido o parpadeando en rojo
PLC - Batería;¿Cómo puedo reemplazar la batería sin perder datos?;Debes mantener PLC encendido. Haz el reemplazo en menos de 30 segundos. Debes verificar polaridad
PLC - Batería;¿Me puedes explicar Cómo puedo reemplazar la batería sin perder datos?;Debes mantener PLC encendido. Haz el reemplazo en menos de 30 segundos. Debes verificar polaridad
PLC - Batería;¿Podrías mostrarme Cómo puedo reemplazar la batería sin perder datos?;Debes mantener PLC encendido. Haz el reemplazo en menos de 30 segundos. Debes verificar polaridad
PLC - Batería;¿Me puedes contar sobre Cómo puedo reemplazar la batería sin perder datos?;Debes mantener PLC encendido. Haz el reemplazo en menos de 30 segundos. Debes verificar polaridad
PLC - Batería;¿Tienen información acerca de Cómo puedo reemplazar la batería sin perder datos?;Debes mantener PLC encendido. Haz el reemplazo en menos de 30 segundos. Debes verificar polaridad
PLC - Batería;¿Dónde encuentro detalles sobre Cómo puedo reemplazar la batería sin perder datos?;Debes mantener PLC encendido. Haz el reemplazo en menos de 30 segundos. Debes verificar polaridad
PLC - Batería;¿Cómo puedo saber más sobre Cómo puedo reemplazar la batería sin perder datos?;Debes mantener PLC encendido. Haz el reemplazo en menos de 30 segundos. Debes verificar polaridad
PLC - Batería;¿Hay un tutorial o explicación sobre Cómo puedo reemplazar la batería sin perder datos?;Debes mantener PLC encendido. Haz el reemplazo en menos de 30 segundos. Debes verificar polaridad
PLC - Batería;¿Puedes darme ejemplos de Cómo puedo reemplazar la batería sin perder datos?;Debes mantener PLC encendido. Haz el reemplazo en menos de 30 segundos. Debes verificar polaridad
PLC - Batería;¿Dónde puedo consultar más acerca de Cómo puedo reemplazar la batería sin perder datos?;Debes mantener PLC encendido. Haz el reemplazo en menos de 30 segundos. Debes verificar polaridad
PLC - Batería;¿Me podrías enseñar más sobre Cómo puedo reemplazar la batería sin perder datos?;Debes mantener PLC encendido. Haz el reemplazo en menos de 30 segundos. Debes verificar polaridad
PLC - Batería;¿Debo apagar la máquina?;Típicamente debes mantener en RUN o STOP. Activar E-stop si es necesario
PLC - Batería;¿Me puedes explicar Debo apagar la máquina?;Típicamente debes mantener en RUN o STOP. Activar E-stop si es necesario
PLC - Batería;¿Podrías mostrarme Debo apagar la máquina?;Típicamente debes mantener en RUN o STOP. Activar E-stop si es necesario
PLC - Batería;¿Me puedes contar sobre Debo apagar la máquina?;Típicamente debes mantener en RUN o STOP. Activar E-stop si es necesario
PLC - Batería;¿Tienen información acerca de Debo apagar la máquina?;Típicamente debes mantener en RUN o STOP. Activar E-stop si es necesario
PLC - Batería;¿Dónde encuentro detalles sobre Debo apagar la máquina?;Típicamente debes mantener en RUN o STOP. Activar E-stop si es necesario
PLC - Batería;¿Cómo puedo saber más sobre Debo apagar la máquina?;Típicamente debes mantener en RUN o STOP. Activar E-stop si es necesario
PLC - Batería;¿Hay un tutorial o explicación sobre Debo apagar la máquina?;Típicamente debes mantener en RUN o STOP. Activar E-stop si es necesario
PLC - Batería;¿Puedes darme ejemplos de Debo apagar la máquina?;Típicamente debes mantener en RUN o STOP. Activar E-stop si es necesario
PLC - Batería;¿Dónde puedo consultar más acerca de Debo apagar la máquina?;Típicamente debes mantener en RUN o STOP. Activar E-stop si es necesario
PLC - Batería;¿Me podrías enseñar más sobre Debo apagar la máquina?;Típicamente debes mantener en RUN o STOP. Activar E-stop si es necesario
Software SCADA / HMI;¿Dónde puedo descargar releases o backups?;Puedes descargar desde el portal de cliente o nube privada
Software SCADA / HMI;¿Me puedes explicar Dónde puedo descargar releases o backups?;Puedes descargar desde el portal de cliente o nube privada
Software SCADA / HMI;¿Podrías mostrarme Dónde puedo descargar releases o backups?;Puedes descargar desde el portal de cliente o nube privada
Software SCADA / HMI;¿Me puedes contar sobre Dónde puedo descargar releases o backups?;Puedes descargar desde el portal de cliente o nube privada
Software SCADA / HMI;¿Tienen información acerca de Dónde puedo descargar releases o backups?;Puedes descargar desde el portal de cliente o nube privada
Software SCADA / HMI;¿Dónde encuentro detalles sobre Dónde puedo descargar releases o backups?;Puedes descargar desde el portal de cliente o nube privada
Software SCADA / HMI;¿Cómo puedo saber más sobre Dónde puedo descargar releases o backups?;Puedes descargar desde el portal de cliente o nube privada
Software SCADA / HMI;¿Hay un tutorial o explicación sobre Dónde puedo descargar releases o backups?;Puedes descargar desde el portal de cliente o nube privada
Software SCADA / HMI;¿Puedes darme ejemplos de Dónde puedo descargar releases o backups?;Puedes descargar desde el portal de cliente o nube privada
Software SCADA / HMI;¿Dónde puedo consultar más acerca de Dónde puedo descargar releases o backups?;Puedes descargar desde el portal de cliente o nube privada
Software SCADA / HMI;¿Me podrías enseñar más sobre Dónde puedo descargar releases o backups?;Puedes descargar desde el portal de cliente o nube privada
Industria 4.0;¿Qué puedo usar para Big Data?;Puedes utilizar Bases SQL/NoSQL para datos operacionales
Industria 4.0;¿Me puedes explicar Qué puedo usar para Big Data?;Puedes utilizar Bases SQL/NoSQL para datos operacionales
Industria 4.0;¿Podrías mostrarme Qué puedo usar para Big Data?;Puedes utilizar Bases SQL/NoSQL para datos operacionales
Industria 4.0;¿Me puedes contar sobre Qué puedo usar para Big Data?;Puedes utilizar Bases SQL/NoSQL para datos operacionales
Industria 4.0;¿Tienen información acerca de Qué puedo usar para Big Data?;Puedes utilizar Bases SQL/NoSQL para datos operacionales
Industria 4.0;¿Dónde encuentro detalles sobre Qué puedo usar para Big Data?;Puedes utilizar Bases SQL/NoSQL para datos operacionales
Industria 4.0;¿Cómo puedo saber más sobre Qué puedo usar para Big Data?;Puedes utilizar Bases SQL/NoSQL para datos operacionales
Industria 4.0;¿Hay un tutorial o explicación sobre Qué puedo usar para Big Data?;Puedes utilizar Bases SQL/NoSQL para datos operacionales
Industria 4.0;¿Puedes darme ejemplos de Qué puedo usar para Big Data?;Puedes utilizar Bases SQL/NoSQL para datos operacionales
Industria 4.0;¿Dónde puedo consultar más acerca de Qué puedo usar para Big Data?;Puedes utilizar Bases SQL/NoSQL para datos operacionales
Industria 4.0;¿Me podrías enseñar más sobre Qué puedo usar para Big Data?;Puedes utilizar Bases SQL/NoSQL para datos operacionales
Tarjetas NFC;¿Qué tipo de tarjetas NFC puedo utilizar con ustedes?;Puedos utilizar tarjetas PCB o embebidas para control y autenticación
Tarjetas NFC;¿Me puedes explicar Qué tipo de tarjetas NFC puedo utilizar con ustedes?;Puedos utilizar tarjetas PCB o embebidas para control y autenticación
Tarjetas NFC;¿Podrías mostrarme Qué tipo de tarjetas NFC puedo utilizar con ustedes?;Puedos utilizar tarjetas PCB o embebidas para control y autenticación
Tarjetas NFC;¿Me puedes contar sobre Qué tipo de tarjetas NFC puedo utilizar con ustedes?;Puedos utilizar tarjetas PCB o embebidas para control y autenticación
Tarjetas NFC;¿Tienen información acerca de Qué tipo de tarjetas NFC puedo utilizar con ustedes?;Puedos utilizar tarjetas PCB o embebidas para control y autenticación
Tarjetas NFC;¿Dónde encuentro detalles sobre Qué tipo de tarjetas NFC puedo utilizar con ustedes?;Puedos utilizar tarjetas PCB o embebidas para control y autenticación
Tarjetas NFC;¿Cómo puedo saber más sobre Qué tipo de tarjetas NFC puedo utilizar con ustedes?;Puedos utilizar tarjetas PCB o embebidas para control y autenticación
Tarjetas NFC;¿Hay un tutorial o explicación sobre Qué tipo de tarjetas NFC puedo utilizar con ustedes?;Puedos utilizar tarjetas PCB o embebidas para control y autenticación
Tarjetas NFC;¿Puedes darme ejemplos de Qué tipo de tarjetas NFC puedo utilizar con ustedes?;Puedos utilizar tarjetas PCB o embebidas para control y autenticación
Tarjetas NFC;¿Dónde puedo consultar más acerca de Qué tipo de tarjetas NFC puedo utilizar con ustedes?;Puedos utilizar tarjetas PCB o embebidas para control y autenticación
Tarjetas NFC;¿Me podrías enseñar más sobre Qué tipo de tarjetas NFC puedo utilizar con ustedes?;Puedos utilizar tarjetas PCB o embebidas para control y autenticación
Tarjetas NFC;¿Que tiempos de entrega puedo tener con ustedes?;"Puedes recibir Nacional: 3–5 días; Importado: 7–21 días"
Tarjetas NFC;¿Me puedes explicar Que tiempos de entrega puedo tener con ustedes?;"Puedes recibir Nacional: 3–5 días; Importado: 7–21 días"
Tarjetas NFC;¿Podrías mostrarme Que tiempos de entrega puedo tener con ustedes?;"Puedes recibir Nacional: 3–5 días; Importado: 7–21 días"
Tarjetas NFC;¿Me puedes contar sobre Que tiempos de entrega puedo tener con ustedes?;"Puedes recibir Nacional: 3–5 días; Importado: 7–21 días"
Tarjetas NFC;¿Tienen información acerca de Que tiempos de entrega puedo tener con ustedes?;"Puedes recibir Nacional: 3–5 días; Importado: 7–21 días"
Tarjetas NFC;¿Dónde encuentro detalles sobre Que tiempos de entrega puedo tener con ustedes?;"Puedes recibir Nacional: 3–5 días; Importado: 7–21 días"
Tarjetas NFC;¿Cómo puedo saber más sobre Que tiempos de entrega puedo tener con ustedes?;"Puedes recibir Nacional: 3–5 días; Importado: 7–21 días"
Tarjetas NFC;¿Hay un tutorial o explicación sobre Que tiempos de entrega puedo tener con ustedes?;"Puedes recibir Nacional: 3–5 días; Importado: 7–21 días"
Tarjetas NFC;¿Puedes darme ejemplos de Que tiempos de entrega puedo tener con ustedes?;"Puedes recibir Nacional: 3–5 días; Importado: 7–21 días"
Tarjetas NFC;¿Dónde puedo consultar más acerca de Que tiempos de entrega puedo tener con ustedes?;"Puedes recibir Nacional: 3–5 días; Importado: 7–21 días"
Tarjetas NFC;¿Me podrías enseñar más sobre Que tiempos de entrega puedo tener con ustedes?;"Puedes recibir Nacional: 3–5 días; Importado: 7–21 días"
